#	Keyword	Country	Difficulty	Volume	CPC	CPS	Parent Keyword	Last Update	SERP Features	Global volume	Traffic potential	Global traffic potential	First seen	Intents
2	reddit ads	us	19	6300	25	1.18	reddit ads	10/22/2025 21:02	"Sitelinks,People also ask,Top stories,Thumbnail,Video preview"	20000	8900	16000	9/3/2015	"Informational,Commercial,Branded,Non-local"
3	reddit advertising	us	5	2200	20	1.14	reddit advertising	10/20/2025 21:21	"Sitelinks,People also ask,Video preview"	4300	1700	3300	9/21/2015	"Informational,Commercial,Branded,Non-local"
4	reddit technology	us	41	1200	0.5	1.04	reddit technology	10/19/2025 15:17	"Sitelinks,Video preview"	2500	2700	3400	9/1/2015	"Informational,Branded,Non-local"
5	reddit agency	us	8	200	5		reddit agency	10/9/2025 15:23	Sitelinks	350	90	100	1/21/2020	"Informational,Commercial,Branded,Non-local"
6	reddit marketing agency	us	1	150	3.5		reddit marketing agency	10/17/2025 20:04	Sitelinks	450	60	60	12/22/2016	"Informational,Commercial,Branded,Non-local"
7	organic and paid	us		50						150			3/13/2019	
8	reddit paid	us		10						30			9/2/2016	
9	reddit community building	us											11/9/2017	
10	reddit organic	us											9/7/2015	"Informational,Branded,Non-local"
11	reddit optimization	us											10/4/2015	
12	reddit community optimization	us												
13	reddit full service management	us												
14	subreddit optimization	us												
